﻿<?xml version="1.0"?>
<doc>
<assembly>
<name>
EnglishTekVirtualDialogK-6
</name>
</assembly>
<members>
<member name="P:EnglishTek_Virtual_Dialog_K_to_6.My.Resources.Resources.ResourceManager">
	<summary>
  Returns the cached ResourceManager instance used by this class.
</summary>
</member><member name="P:EnglishTek_Virtual_Dialog_K_to_6.My.Resources.Resources.Culture">
	<summary>
  Overrides the current thread's CurrentUICulture property for all
  resource lookups using this strongly typed resource class.
</summary>
</member><member name="P:EnglishTek_Virtual_Dialog_K_to_6.My.Resources.Resources.click_1">
	<summary>
  Looks up a localized resource of type System.Byte[].
</summary>
</member><member name="P:EnglishTek_Virtual_Dialog_K_to_6.My.Resources.Resources.EG_TFI_logos">
	<summary>
  Looks up a localized resource of type System.Drawing.Bitmap.
</summary>
</member><member name="P:EnglishTek_Virtual_Dialog_K_to_6.My.Resources.Resources.ET_ANSWER_ACTIVE">
	<summary>
  Looks up a localized resource of type System.Drawing.Bitmap.
</summary>
</member><member name="P:EnglishTek_Virtual_Dialog_K_to_6.My.Resources.Resources.ET_ANSWER_IDLE">
	<summary>
  Looks up a localized resource of type System.Drawing.Bitmap.
</summary>
</member><member name="P:EnglishTek_Virtual_Dialog_K_to_6.My.Resources.Resources.ET_CHECK_DISABLE">
	<summary>
  Looks up a localized resource of type System.Drawing.Bitmap.
</summary>
</member><member name="P:EnglishTek_Virtual_Dialog_K_to_6.My.Resources.Resources.ET_CHECK_ENABLE">
	<summary>
  Looks up a localized resource of type System.Drawing.Bitmap.
</summary>
</member><member name="P:EnglishTek_Virtual_Dialog_K_to_6.My.Resources.Resources.ET_DOWNLOAD">
	<summary>
  Looks up a localized resource of type System.Drawing.Bitmap.
</summary>
</member><member name="P:EnglishTek_Virtual_Dialog_K_to_6.My.Resources.Resources.ET_LOGIN_SCREEN">
	<summary>
  Looks up a localized resource of type System.Drawing.Bitmap.
</summary>
</member><member name="P:EnglishTek_Virtual_Dialog_K_to_6.My.Resources.Resources.ET_MENU_DISABLE">
	<summary>
  Looks up a localized resource of type System.Drawing.Bitmap.
</summary>
</member><member name="P:EnglishTek_Virtual_Dialog_K_to_6.My.Resources.Resources.ET_MENU_HOVER">
	<summary>
  Looks up a localized resource of type System.Drawing.Bitmap.
</summary>
</member><member name="P:EnglishTek_Virtual_Dialog_K_to_6.My.Resources.Resources.ET_MENU_IDLE">
	<summary>
  Looks up a localized resource of type System.Drawing.Bitmap.
</summary>
</member><member name="P:EnglishTek_Virtual_Dialog_K_to_6.My.Resources.Resources.ET_MENU_SCREEN">
	<summary>
  Looks up a localized resource of type System.Drawing.Bitmap.
</summary>
</member><member name="P:EnglishTek_Virtual_Dialog_K_to_6.My.Resources.Resources.ET_NEXT_DISABLE">
	<summary>
  Looks up a localized resource of type System.Drawing.Bitmap.
</summary>
</member><member name="P:EnglishTek_Virtual_Dialog_K_to_6.My.Resources.Resources.ET_NEXT_HOVER">
	<summary>
  Looks up a localized resource of type System.Drawing.Bitmap.
</summary>
</member><member name="P:EnglishTek_Virtual_Dialog_K_to_6.My.Resources.Resources.ET_NEXT_IDLE">
	<summary>
  Looks up a localized resource of type System.Drawing.Bitmap.
</summary>
</member><member name="P:EnglishTek_Virtual_Dialog_K_to_6.My.Resources.Resources.ET_PAUSE_DISABLE">
	<summary>
  Looks up a localized resource of type System.Drawing.Bitmap.
</summary>
</member><member name="P:EnglishTek_Virtual_Dialog_K_to_6.My.Resources.Resources.ET_PAUSE_HOVER">
	<summary>
  Looks up a localized resource of type System.Drawing.Bitmap.
</summary>
</member><member name="P:EnglishTek_Virtual_Dialog_K_to_6.My.Resources.Resources.ET_PAUSE_IDLE">
	<summary>
  Looks up a localized resource of type System.Drawing.Bitmap.
</summary>
</member><member name="P:EnglishTek_Virtual_Dialog_K_to_6.My.Resources.Resources.ET_PLAY_DISABLE">
	<summary>
  Looks up a localized resource of type System.Drawing.Bitmap.
</summary>
</member><member name="P:EnglishTek_Virtual_Dialog_K_to_6.My.Resources.Resources.ET_PLAY_HOVER">
	<summary>
  Looks up a localized resource of type System.Drawing.Bitmap.
</summary>
</member><member name="P:EnglishTek_Virtual_Dialog_K_to_6.My.Resources.Resources.ET_PLAY_IDLE">
	<summary>
  Looks up a localized resource of type System.Drawing.Bitmap.
</summary>
</member><member name="P:EnglishTek_Virtual_Dialog_K_to_6.My.Resources.Resources.ET_PREVIOUS_DISABLE">
	<summary>
  Looks up a localized resource of type System.Drawing.Bitmap.
</summary>
</member><member name="P:EnglishTek_Virtual_Dialog_K_to_6.My.Resources.Resources.ET_PREVIOUS_HOVER">
	<summary>
  Looks up a localized resource of type System.Drawing.Bitmap.
</summary>
</member><member name="P:EnglishTek_Virtual_Dialog_K_to_6.My.Resources.Resources.ET_PREVIOUS_IDLE">
	<summary>
  Looks up a localized resource of type System.Drawing.Bitmap.
</summary>
</member><member name="P:EnglishTek_Virtual_Dialog_K_to_6.My.Resources.Resources.ET_QUESTION_ACTIVE">
	<summary>
  Looks up a localized resource of type System.Drawing.Bitmap.
</summary>
</member><member name="P:EnglishTek_Virtual_Dialog_K_to_6.My.Resources.Resources.ET_QUESTION_IDLE">
	<summary>
  Looks up a localized resource of type System.Drawing.Bitmap.
</summary>
</member><member name="P:EnglishTek_Virtual_Dialog_K_to_6.My.Resources.Resources.ET_REPLAY_DISABLE">
	<summary>
  Looks up a localized resource of type System.Drawing.Bitmap.
</summary>
</member><member name="P:EnglishTek_Virtual_Dialog_K_to_6.My.Resources.Resources.ET_REPLAY_HOVER">
	<summary>
  Looks up a localized resource of type System.Drawing.Bitmap.
</summary>
</member><member name="P:EnglishTek_Virtual_Dialog_K_to_6.My.Resources.Resources.ET_REPLAY_IDLE">
	<summary>
  Looks up a localized resource of type System.Drawing.Bitmap.
</summary>
</member><member name="P:EnglishTek_Virtual_Dialog_K_to_6.My.Resources.Resources.ET_RESTART_DISABLE">
	<summary>
  Looks up a localized resource of type System.Drawing.Bitmap.
</summary>
</member><member name="P:EnglishTek_Virtual_Dialog_K_to_6.My.Resources.Resources.ET_RESTART_HOVER">
	<summary>
  Looks up a localized resource of type System.Drawing.Bitmap.
</summary>
</member><member name="P:EnglishTek_Virtual_Dialog_K_to_6.My.Resources.Resources.ET_RESTART_IDLE">
	<summary>
  Looks up a localized resource of type System.Drawing.Bitmap.
</summary>
</member><member name="P:EnglishTek_Virtual_Dialog_K_to_6.My.Resources.Resources.ET_SPEAK_DISABLE">
	<summary>
  Looks up a localized resource of type System.Drawing.Bitmap.
</summary>
</member><member name="P:EnglishTek_Virtual_Dialog_K_to_6.My.Resources.Resources.ET_SPEAK_HOVER">
	<summary>
  Looks up a localized resource of type System.Drawing.Bitmap.
</summary>
</member><member name="P:EnglishTek_Virtual_Dialog_K_to_6.My.Resources.Resources.ET_SPEAK_IDLE">
	<summary>
  Looks up a localized resource of type System.Drawing.Bitmap.
</summary>
</member><member name="P:EnglishTek_Virtual_Dialog_K_to_6.My.Resources.Resources.ET_START">
	<summary>
  Looks up a localized resource of type System.Drawing.Bitmap.
</summary>
</member><member name="P:EnglishTek_Virtual_Dialog_K_to_6.My.Resources.Resources.ET_SUBMIT_HOVER">
	<summary>
  Looks up a localized resource of type System.Drawing.Bitmap.
</summary>
</member><member name="P:EnglishTek_Virtual_Dialog_K_to_6.My.Resources.Resources.ET_SUBMIT_IDLE">
	<summary>
  Looks up a localized resource of type System.Drawing.Bitmap.
</summary>
</member><member name="P:EnglishTek_Virtual_Dialog_K_to_6.My.Resources.Resources.ET_VD16_12">
	<summary>
  Looks up a localized resource of type System.Drawing.Bitmap.
</summary>
</member><member name="P:EnglishTek_Virtual_Dialog_K_to_6.My.Resources.Resources.ET_VD16_15">
	<summary>
  Looks up a localized resource of type System.Drawing.Bitmap.
</summary>
</member><member name="P:EnglishTek_Virtual_Dialog_K_to_6.My.Resources.Resources.ET_VD16_16">
	<summary>
  Looks up a localized resource of type System.Drawing.Bitmap.
</summary>
</member><member name="P:EnglishTek_Virtual_Dialog_K_to_6.My.Resources.Resources.ET_VD16_17">
	<summary>
  Looks up a localized resource of type System.Drawing.Bitmap.
</summary>
</member><member name="P:EnglishTek_Virtual_Dialog_K_to_6.My.Resources.Resources.ET_VD16_18">
	<summary>
  Looks up a localized resource of type System.Drawing.Bitmap.
</summary>
</member><member name="P:EnglishTek_Virtual_Dialog_K_to_6.My.Resources.Resources.ET_VD16_19">
	<summary>
  Looks up a localized resource of type System.Drawing.Bitmap.
</summary>
</member><member name="P:EnglishTek_Virtual_Dialog_K_to_6.My.Resources.Resources.ET_VD16_20">
	<summary>
  Looks up a localized resource of type System.Drawing.Bitmap.
</summary>
</member><member name="P:EnglishTek_Virtual_Dialog_K_to_6.My.Resources.Resources.ET_VD16_46">
	<summary>
  Looks up a localized resource of type System.Drawing.Bitmap.
</summary>
</member><member name="P:EnglishTek_Virtual_Dialog_K_to_6.My.Resources.Resources.ET1_ICON">
	<summary>
  Looks up a localized resource of type System.Drawing.Icon similar to (Icon).
</summary>
</member><member name="T:EnglishTek_Virtual_Dialog_K_to_6.My.Resources.Resources">
	<summary>
  A strongly-typed resource class, for looking up localized strings, etc.
</summary>
</member>
</members>
</doc>