﻿<?xml version="1.0"?>
<doc>
<assembly>
<name>
EnglishTekVirtualDialog7-10
</name>
</assembly>
<members>
<member name="P:EnglishTek_Virtual_Dialog_7_to_10.My.Resources.Resources.ResourceManager">
	<summary>
  Returns the cached ResourceManager instance used by this class.
</summary>
</member><member name="P:EnglishTek_Virtual_Dialog_7_to_10.My.Resources.Resources.Culture">
	<summary>
  Overrides the current thread's CurrentUICulture property for all
  resource lookups using this strongly typed resource class.
</summary>
</member><member name="P:EnglishTek_Virtual_Dialog_7_to_10.My.Resources.Resources.action_active">
	<summary>
  Looks up a localized resource of type System.Drawing.Bitmap.
</summary>
</member><member name="P:EnglishTek_Virtual_Dialog_7_to_10.My.Resources.Resources.action_inactive">
	<summary>
  Looks up a localized resource of type System.Drawing.Bitmap.
</summary>
</member><member name="P:EnglishTek_Virtual_Dialog_7_to_10.My.Resources.Resources.box_dialogue">
	<summary>
  Looks up a localized resource of type System.Drawing.Bitmap.
</summary>
</member><member name="P:EnglishTek_Virtual_Dialog_7_to_10.My.Resources.Resources.box_name">
	<summary>
  Looks up a localized resource of type System.Drawing.Bitmap.
</summary>
</member><member name="P:EnglishTek_Virtual_Dialog_7_to_10.My.Resources.Resources.choose_an_action">
	<summary>
  Looks up a localized resource of type System.Drawing.Bitmap.
</summary>
</member><member name="P:EnglishTek_Virtual_Dialog_7_to_10.My.Resources.Resources.EG_TFI_logos">
	<summary>
  Looks up a localized resource of type System.Drawing.Bitmap.
</summary>
</member><member name="P:EnglishTek_Virtual_Dialog_7_to_10.My.Resources.Resources.endscreen">
	<summary>
  Looks up a localized resource of type System.Drawing.Bitmap.
</summary>
</member><member name="P:EnglishTek_Virtual_Dialog_7_to_10.My.Resources.Resources.endscreen_no">
	<summary>
  Looks up a localized resource of type System.Drawing.Bitmap.
</summary>
</member><member name="P:EnglishTek_Virtual_Dialog_7_to_10.My.Resources.Resources.endscreen_no_inactive">
	<summary>
  Looks up a localized resource of type System.Drawing.Bitmap.
</summary>
</member><member name="P:EnglishTek_Virtual_Dialog_7_to_10.My.Resources.Resources.endscreen_yes">
	<summary>
  Looks up a localized resource of type System.Drawing.Bitmap.
</summary>
</member><member name="P:EnglishTek_Virtual_Dialog_7_to_10.My.Resources.Resources.endscreen_yes_inactive">
	<summary>
  Looks up a localized resource of type System.Drawing.Bitmap.
</summary>
</member><member name="P:EnglishTek_Virtual_Dialog_7_to_10.My.Resources.Resources.ET_ACTION_HOVER">
	<summary>
  Looks up a localized resource of type System.Drawing.Bitmap.
</summary>
</member><member name="P:EnglishTek_Virtual_Dialog_7_to_10.My.Resources.Resources.ET_ACTION_IDLE">
	<summary>
  Looks up a localized resource of type System.Drawing.Bitmap.
</summary>
</member><member name="P:EnglishTek_Virtual_Dialog_7_to_10.My.Resources.Resources.ET_ANSWER_ACTIVE">
	<summary>
  Looks up a localized resource of type System.Drawing.Bitmap.
</summary>
</member><member name="P:EnglishTek_Virtual_Dialog_7_to_10.My.Resources.Resources.ET_ANSWER_IDLE">
	<summary>
  Looks up a localized resource of type System.Drawing.Bitmap.
</summary>
</member><member name="P:EnglishTek_Virtual_Dialog_7_to_10.My.Resources.Resources.ET_CHECK_DISABLE">
	<summary>
  Looks up a localized resource of type System.Drawing.Bitmap.
</summary>
</member><member name="P:EnglishTek_Virtual_Dialog_7_to_10.My.Resources.Resources.ET_CHECK_ENABLE">
	<summary>
  Looks up a localized resource of type System.Drawing.Bitmap.
</summary>
</member><member name="P:EnglishTek_Virtual_Dialog_7_to_10.My.Resources.Resources.ET_DOWNLOAD">
	<summary>
  Looks up a localized resource of type System.Drawing.Bitmap.
</summary>
</member><member name="P:EnglishTek_Virtual_Dialog_7_to_10.My.Resources.Resources.ET_FEMALE_HOVER">
	<summary>
  Looks up a localized resource of type System.Drawing.Bitmap.
</summary>
</member><member name="P:EnglishTek_Virtual_Dialog_7_to_10.My.Resources.Resources.ET_FEMALE_IDLE">
	<summary>
  Looks up a localized resource of type System.Drawing.Bitmap.
</summary>
</member><member name="P:EnglishTek_Virtual_Dialog_7_to_10.My.Resources.Resources.ET_LISTEN_HOVER">
	<summary>
  Looks up a localized resource of type System.Drawing.Bitmap.
</summary>
</member><member name="P:EnglishTek_Virtual_Dialog_7_to_10.My.Resources.Resources.ET_LISTEN_IDLE">
	<summary>
  Looks up a localized resource of type System.Drawing.Bitmap.
</summary>
</member><member name="P:EnglishTek_Virtual_Dialog_7_to_10.My.Resources.Resources.ET_LOGIN_SCREEN">
	<summary>
  Looks up a localized resource of type System.Drawing.Bitmap.
</summary>
</member><member name="P:EnglishTek_Virtual_Dialog_7_to_10.My.Resources.Resources.ET_MALE_HOVER">
	<summary>
  Looks up a localized resource of type System.Drawing.Bitmap.
</summary>
</member><member name="P:EnglishTek_Virtual_Dialog_7_to_10.My.Resources.Resources.ET_MALE_IDLE">
	<summary>
  Looks up a localized resource of type System.Drawing.Bitmap.
</summary>
</member><member name="P:EnglishTek_Virtual_Dialog_7_to_10.My.Resources.Resources.ET_MENU_DISABLE">
	<summary>
  Looks up a localized resource of type System.Drawing.Bitmap.
</summary>
</member><member name="P:EnglishTek_Virtual_Dialog_7_to_10.My.Resources.Resources.ET_MENU_HOVER">
	<summary>
  Looks up a localized resource of type System.Drawing.Bitmap.
</summary>
</member><member name="P:EnglishTek_Virtual_Dialog_7_to_10.My.Resources.Resources.ET_MENU_IDLE">
	<summary>
  Looks up a localized resource of type System.Drawing.Bitmap.
</summary>
</member><member name="P:EnglishTek_Virtual_Dialog_7_to_10.My.Resources.Resources.ET_MENU_SCREEN">
	<summary>
  Looks up a localized resource of type System.Drawing.Bitmap.
</summary>
</member><member name="P:EnglishTek_Virtual_Dialog_7_to_10.My.Resources.Resources.ET_NEXT_DISABLE">
	<summary>
  Looks up a localized resource of type System.Drawing.Bitmap.
</summary>
</member><member name="P:EnglishTek_Virtual_Dialog_7_to_10.My.Resources.Resources.ET_NEXT_HOVER">
	<summary>
  Looks up a localized resource of type System.Drawing.Bitmap.
</summary>
</member><member name="P:EnglishTek_Virtual_Dialog_7_to_10.My.Resources.Resources.ET_NEXT_IDLE">
	<summary>
  Looks up a localized resource of type System.Drawing.Bitmap.
</summary>
</member><member name="P:EnglishTek_Virtual_Dialog_7_to_10.My.Resources.Resources.ET_PAUSE_DISABLE">
	<summary>
  Looks up a localized resource of type System.Drawing.Bitmap.
</summary>
</member><member name="P:EnglishTek_Virtual_Dialog_7_to_10.My.Resources.Resources.ET_PAUSE_HOVER">
	<summary>
  Looks up a localized resource of type System.Drawing.Bitmap.
</summary>
</member><member name="P:EnglishTek_Virtual_Dialog_7_to_10.My.Resources.Resources.ET_PAUSE_IDLE">
	<summary>
  Looks up a localized resource of type System.Drawing.Bitmap.
</summary>
</member><member name="P:EnglishTek_Virtual_Dialog_7_to_10.My.Resources.Resources.ET_PLAY_DISABLE">
	<summary>
  Looks up a localized resource of type System.Drawing.Bitmap.
</summary>
</member><member name="P:EnglishTek_Virtual_Dialog_7_to_10.My.Resources.Resources.ET_PLAY_HOVER">
	<summary>
  Looks up a localized resource of type System.Drawing.Bitmap.
</summary>
</member><member name="P:EnglishTek_Virtual_Dialog_7_to_10.My.Resources.Resources.ET_PLAY_IDLE">
	<summary>
  Looks up a localized resource of type System.Drawing.Bitmap.
</summary>
</member><member name="P:EnglishTek_Virtual_Dialog_7_to_10.My.Resources.Resources.ET_PREVIOUS_DISABLE">
	<summary>
  Looks up a localized resource of type System.Drawing.Bitmap.
</summary>
</member><member name="P:EnglishTek_Virtual_Dialog_7_to_10.My.Resources.Resources.ET_PREVIOUS_HOVER">
	<summary>
  Looks up a localized resource of type System.Drawing.Bitmap.
</summary>
</member><member name="P:EnglishTek_Virtual_Dialog_7_to_10.My.Resources.Resources.ET_PREVIOUS_IDLE">
	<summary>
  Looks up a localized resource of type System.Drawing.Bitmap.
</summary>
</member><member name="P:EnglishTek_Virtual_Dialog_7_to_10.My.Resources.Resources.Et_QUESTION_ACTIVE">
	<summary>
  Looks up a localized resource of type System.Drawing.Bitmap.
</summary>
</member><member name="P:EnglishTek_Virtual_Dialog_7_to_10.My.Resources.Resources.ET_QUESTION_IDLE">
	<summary>
  Looks up a localized resource of type System.Drawing.Bitmap.
</summary>
</member><member name="P:EnglishTek_Virtual_Dialog_7_to_10.My.Resources.Resources.ET_REPLAY_DISABLE">
	<summary>
  Looks up a localized resource of type System.Drawing.Bitmap.
</summary>
</member><member name="P:EnglishTek_Virtual_Dialog_7_to_10.My.Resources.Resources.ET_REPLAY_HOVER">
	<summary>
  Looks up a localized resource of type System.Drawing.Bitmap.
</summary>
</member><member name="P:EnglishTek_Virtual_Dialog_7_to_10.My.Resources.Resources.ET_REPLAY_IDLE">
	<summary>
  Looks up a localized resource of type System.Drawing.Bitmap.
</summary>
</member><member name="P:EnglishTek_Virtual_Dialog_7_to_10.My.Resources.Resources.ET_RESTART_DISABLE">
	<summary>
  Looks up a localized resource of type System.Drawing.Bitmap.
</summary>
</member><member name="P:EnglishTek_Virtual_Dialog_7_to_10.My.Resources.Resources.ET_RESTART_HOVER">
	<summary>
  Looks up a localized resource of type System.Drawing.Bitmap.
</summary>
</member><member name="P:EnglishTek_Virtual_Dialog_7_to_10.My.Resources.Resources.ET_RESTART_IDLE">
	<summary>
  Looks up a localized resource of type System.Drawing.Bitmap.
</summary>
</member><member name="P:EnglishTek_Virtual_Dialog_7_to_10.My.Resources.Resources.ET_SPEAK_DISABLE">
	<summary>
  Looks up a localized resource of type System.Drawing.Bitmap.
</summary>
</member><member name="P:EnglishTek_Virtual_Dialog_7_to_10.My.Resources.Resources.ET_SPEAK_HOVER">
	<summary>
  Looks up a localized resource of type System.Drawing.Bitmap.
</summary>
</member><member name="P:EnglishTek_Virtual_Dialog_7_to_10.My.Resources.Resources.ET_SPEAK_IDLE">
	<summary>
  Looks up a localized resource of type System.Drawing.Bitmap.
</summary>
</member><member name="P:EnglishTek_Virtual_Dialog_7_to_10.My.Resources.Resources.ET_START">
	<summary>
  Looks up a localized resource of type System.Drawing.Bitmap.
</summary>
</member><member name="P:EnglishTek_Virtual_Dialog_7_to_10.My.Resources.Resources.ET_SUBMIT_HOVER">
	<summary>
  Looks up a localized resource of type System.Drawing.Bitmap.
</summary>
</member><member name="P:EnglishTek_Virtual_Dialog_7_to_10.My.Resources.Resources.ET_SUBMIT_IDLE">
	<summary>
  Looks up a localized resource of type System.Drawing.Bitmap.
</summary>
</member><member name="P:EnglishTek_Virtual_Dialog_7_to_10.My.Resources.Resources.ET_TITLE_BG">
	<summary>
  Looks up a localized resource of type System.Drawing.Bitmap.
</summary>
</member><member name="P:EnglishTek_Virtual_Dialog_7_to_10.My.Resources.Resources.ET_VD16_12">
	<summary>
  Looks up a localized resource of type System.Drawing.Bitmap.
</summary>
</member><member name="P:EnglishTek_Virtual_Dialog_7_to_10.My.Resources.Resources.ET_VD16_15">
	<summary>
  Looks up a localized resource of type System.Drawing.Bitmap.
</summary>
</member><member name="P:EnglishTek_Virtual_Dialog_7_to_10.My.Resources.Resources.ET_VD16_16">
	<summary>
  Looks up a localized resource of type System.Drawing.Bitmap.
</summary>
</member><member name="P:EnglishTek_Virtual_Dialog_7_to_10.My.Resources.Resources.ET_VD16_17">
	<summary>
  Looks up a localized resource of type System.Drawing.Bitmap.
</summary>
</member><member name="P:EnglishTek_Virtual_Dialog_7_to_10.My.Resources.Resources.ET_VD16_18">
	<summary>
  Looks up a localized resource of type System.Drawing.Bitmap.
</summary>
</member><member name="P:EnglishTek_Virtual_Dialog_7_to_10.My.Resources.Resources.ET_VD16_19">
	<summary>
  Looks up a localized resource of type System.Drawing.Bitmap.
</summary>
</member><member name="P:EnglishTek_Virtual_Dialog_7_to_10.My.Resources.Resources.ET_VD16_20">
	<summary>
  Looks up a localized resource of type System.Drawing.Bitmap.
</summary>
</member><member name="P:EnglishTek_Virtual_Dialog_7_to_10.My.Resources.Resources.ET_VD16_46">
	<summary>
  Looks up a localized resource of type System.Drawing.Bitmap.
</summary>
</member><member name="P:EnglishTek_Virtual_Dialog_7_to_10.My.Resources.Resources.ET_VD16_50">
	<summary>
  Looks up a localized resource of type System.Drawing.Bitmap.
</summary>
</member><member name="P:EnglishTek_Virtual_Dialog_7_to_10.My.Resources.Resources.ET_VD16_51">
	<summary>
  Looks up a localized resource of type System.Drawing.Bitmap.
</summary>
</member><member name="P:EnglishTek_Virtual_Dialog_7_to_10.My.Resources.Resources.ET_VD16_53">
	<summary>
  Looks up a localized resource of type System.Drawing.Bitmap.
</summary>
</member><member name="P:EnglishTek_Virtual_Dialog_7_to_10.My.Resources.Resources.ET_VD16_58">
	<summary>
  Looks up a localized resource of type System.Drawing.Bitmap.
</summary>
</member><member name="P:EnglishTek_Virtual_Dialog_7_to_10.My.Resources.Resources.ET_VD16_59">
	<summary>
  Looks up a localized resource of type System.Drawing.Bitmap.
</summary>
</member><member name="P:EnglishTek_Virtual_Dialog_7_to_10.My.Resources.Resources.ET_VD16_60">
	<summary>
  Looks up a localized resource of type System.Drawing.Bitmap.
</summary>
</member><member name="P:EnglishTek_Virtual_Dialog_7_to_10.My.Resources.Resources.ET_VD16_65">
	<summary>
  Looks up a localized resource of type System.Drawing.Bitmap.
</summary>
</member><member name="P:EnglishTek_Virtual_Dialog_7_to_10.My.Resources.Resources.ET_VD16_66">
	<summary>
  Looks up a localized resource of type System.Drawing.Bitmap.
</summary>
</member><member name="P:EnglishTek_Virtual_Dialog_7_to_10.My.Resources.Resources.ET_VD16_72">
	<summary>
  Looks up a localized resource of type System.Drawing.Bitmap.
</summary>
</member><member name="P:EnglishTek_Virtual_Dialog_7_to_10.My.Resources.Resources.ET_VD16_75">
	<summary>
  Looks up a localized resource of type System.Drawing.Bitmap.
</summary>
</member><member name="P:EnglishTek_Virtual_Dialog_7_to_10.My.Resources.Resources.ET_YOU_LISTEN_ACTIVE">
	<summary>
  Looks up a localized resource of type System.Drawing.Bitmap.
</summary>
</member><member name="P:EnglishTek_Virtual_Dialog_7_to_10.My.Resources.Resources.ET_YOU_LISTEN_IDLE">
	<summary>
  Looks up a localized resource of type System.Drawing.Bitmap.
</summary>
</member><member name="P:EnglishTek_Virtual_Dialog_7_to_10.My.Resources.Resources.ET1_ICON">
	<summary>
  Looks up a localized resource of type System.Drawing.Icon similar to (Icon).
</summary>
</member><member name="P:EnglishTek_Virtual_Dialog_7_to_10.My.Resources.Resources.ET1_ICON1">
	<summary>
  Looks up a localized resource of type System.Drawing.Icon similar to (Icon).
</summary>
</member><member name="P:EnglishTek_Virtual_Dialog_7_to_10.My.Resources.Resources.listen_active">
	<summary>
  Looks up a localized resource of type System.Drawing.Bitmap.
</summary>
</member><member name="P:EnglishTek_Virtual_Dialog_7_to_10.My.Resources.Resources.listen_inactive">
	<summary>
  Looks up a localized resource of type System.Drawing.Bitmap.
</summary>
</member><member name="P:EnglishTek_Virtual_Dialog_7_to_10.My.Resources.Resources.menu">
	<summary>
  Looks up a localized resource of type System.Drawing.Bitmap.
</summary>
</member><member name="P:EnglishTek_Virtual_Dialog_7_to_10.My.Resources.Resources.menu_click">
	<summary>
  Looks up a localized resource of type System.Drawing.Bitmap.
</summary>
</member><member name="P:EnglishTek_Virtual_Dialog_7_to_10.My.Resources.Resources.menu_disabled">
	<summary>
  Looks up a localized resource of type System.Drawing.Bitmap.
</summary>
</member><member name="P:EnglishTek_Virtual_Dialog_7_to_10.My.Resources.Resources.menu_hover">
	<summary>
  Looks up a localized resource of type System.Drawing.Bitmap.
</summary>
</member><member name="P:EnglishTek_Virtual_Dialog_7_to_10.My.Resources.Resources.menu_out">
	<summary>
  Looks up a localized resource of type System.Drawing.Bitmap.
</summary>
</member><member name="P:EnglishTek_Virtual_Dialog_7_to_10.My.Resources.Resources.SAMPLE_BG">
	<summary>
  Looks up a localized resource of type System.Drawing.Bitmap.
</summary>
</member><member name="P:EnglishTek_Virtual_Dialog_7_to_10.My.Resources.Resources.speak_active">
	<summary>
  Looks up a localized resource of type System.Drawing.Bitmap.
</summary>
</member><member name="P:EnglishTek_Virtual_Dialog_7_to_10.My.Resources.Resources.speak_inactive">
	<summary>
  Looks up a localized resource of type System.Drawing.Bitmap.
</summary>
</member><member name="P:EnglishTek_Virtual_Dialog_7_to_10.My.Resources.Resources.Study2_landscape_75">
	<summary>
  Looks up a localized resource of type System.Drawing.Bitmap.
</summary>
</member><member name="P:EnglishTek_Virtual_Dialog_7_to_10.My.Resources.Resources.Study2_landscape_76">
	<summary>
  Looks up a localized resource of type System.Drawing.Bitmap.
</summary>
</member><member name="P:EnglishTek_Virtual_Dialog_7_to_10.My.Resources.Resources.System_generated">
	<summary>
  Looks up a localized resource of type System.Drawing.Bitmap.
</summary>
</member><member name="P:EnglishTek_Virtual_Dialog_7_to_10.My.Resources.Resources.x_click">
	<summary>
  Looks up a localized resource of type System.Drawing.Bitmap.
</summary>
</member><member name="P:EnglishTek_Virtual_Dialog_7_to_10.My.Resources.Resources.x_disabled">
	<summary>
  Looks up a localized resource of type System.Drawing.Bitmap.
</summary>
</member><member name="P:EnglishTek_Virtual_Dialog_7_to_10.My.Resources.Resources.x_hover">
	<summary>
  Looks up a localized resource of type System.Drawing.Bitmap.
</summary>
</member><member name="P:EnglishTek_Virtual_Dialog_7_to_10.My.Resources.Resources.x_out">
	<summary>
  Looks up a localized resource of type System.Drawing.Bitmap.
</summary>
</member><member name="T:EnglishTek_Virtual_Dialog_7_to_10.My.Resources.Resources">
	<summary>
  A strongly-typed resource class, for looking up localized strings, etc.
</summary>
</member>
</members>
</doc>